k,nsteps,mpi_procs,omp_threads,evolution,time
10000,100,1,1,1,158.000461
10000,100,2,1,1,79.026717
10000,100,3,1,1,52.656327
