k,nsteps,mpi_procs,omp_threads,evolution,time
10000,100,1,1,1,141.051004
10000,100,2,1,1,78.827673
10000,100,4,1,1,39.411617
