k,nsteps,mpi_procs,omp_threads,evolution,time
10000,100,1,12,1,11.822411
10000,100,2,12,1,6.642178
10000,100,4,12,1,3.367963
