k,nsteps,mpi_procs,omp_threads,evolution,time
10000,100,1,64,1,2.111815
10000,100,2,64,1,1.061417
10000,100,4,64,1,0.550689
