k,nsteps,mpi_procs,omp_threads,evolution,time
10000,100,1,1,1,133.410793
10000,100,2,1,1,66.879108
10000,100,4,1,1,33.588453
