k,nsteps,mpi_procs,omp_threads,evolution,time
5000,100,1,12,1,2.962936
10000,100,2,12,1,5.938090
20000,100,4,12,1,11.907312
