k,nsteps,mpi_procs,omp_threads,evolution,time
5000,100,1,1,1,35.218263
10000,100,2,1,1,70.561142
20000,100,4,1,1,141.179426
