k,nsteps,mpi_procs,omp_threads,evolution,time
10000,100,1,1,1,141.033488
20000,100,2,1,1,282.624892
40000,100,4,1,1,566.638526
