k,nsteps,mpi_procs,omp_threads,evolution,time
10000,100,1,1,1,133.598824
20000,100,2,1,1,267.239603
40000,100,4,1,1,535.823958
