k,nsteps,mpi_procs,omp_threads,evolution,time
10000,100,1,64,1,2.174124
20000,100,2,64,1,4.262432
40000,100,4,64,1,8.677799
